{
  "map50": 0.5340818430085814,
  "map50_95": 0.38564657097451605,
  "precision": 0.57990833200663,
  "recall": 0.5410784821904978,
  "f1": 0.5598208937301425,
  "split": "test",
  "num_images": 4437,
  "save_dir": "/kaggle/working/results/hp/yolo_sgd_lr01_test",
  "per_class": {
    "shoe": {
      "map50": 0.8316480094081163,
      "map50_95": 0.5864231326050211,
      "precision": 0.808189775793674,
      "recall": 0.8127822944896116,
      "f1": 0.8104795294071028
    },
    "dress": {
      "map50": 0.8195944462915734,
      "map50_95": 0.6702577010403772,
      "precision": 0.7658328443893542,
      "recall": 0.7845010615711253,
      "f1": 0.7750545570855858
    },
    "top, t-shirt, sweatshirt": {
      "map50": 0.48982008134508026,
      "map50_95": 0.35170660636322026,
      "precision": 0.5436799279452965,
      "recall": 0.4988009592326139,
      "f1": 0.5202744202030654
    },
    "pants": {
      "map50": 0.7860935195238978,
      "map50_95": 0.6509422968944892,
      "precision": 0.6408346404354777,
      "recall": 0.8147249190938511,
      "f1": 0.7173927678372156
    },
    "jacket": {
      "map50": 0.603559628884972,
      "map50_95": 0.46226078672780657,
      "precision": 0.5517365459588697,
      "recall": 0.6885856079404467,
      "f1": 0.6126115601945306
    },
    "bag, wallet": {
      "map50": 0.3673196474207505,
      "map50_95": 0.22947179028147624,
      "precision": 0.48514149559999686,
      "recall": 0.38055555555555554,
      "f1": 0.42653094667394437
    },
    "belt": {
      "map50": 0.20668030744718086,
      "map50_95": 0.09841549848798739,
      "precision": 0.4076195882851504,
      "recall": 0.2178932178932179,
      "f1": 0.28398313476713455
    },
    "shirt, blouse": {
      "map50": 0.20455964734250642,
      "map50_95": 0.12896466915385893,
      "precision": 0.3141146416490865,
      "recall": 0.17028380634390652,
      "f1": 0.22084561595925
    },
    "skirt": {
      "map50": 0.43619709003783136,
      "map50_95": 0.3480150065164543,
      "precision": 0.4981883017828606,
      "recall": 0.5194274028629857,
      "f1": 0.5085862070531851
    },
    "glasses": {
      "map50": 0.750971881547037,
      "map50_95": 0.46988021082979303,
      "precision": 0.8487735714026187,
      "recall": 0.7132692181421841,
      "f1": 0.7751440174446397
    },
    "tights, stockings": {
      "map50": 0.3784560138454494,
      "map50_95": 0.24577458181919226,
      "precision": 0.5148803188305439,
      "recall": 0.3510392609699769,
      "f1": 0.41745956743903967
    }
  }
}