{
  "map50": 0.4153336624884508,
  "map50_95": 0.24223258269541245,
  "precision": 0.6443456273432732,
  "recall": 0.5500148853825544,
  "f1": 0.5934551294920698,
  "per_class": {
    "shoe": {
      "map50": 0.7061484719790843,
      "map50_95": 0.4002600624983998,
      "precision": 0.8101059494702526,
      "recall": 0.6734417344173442,
      "f1": 0.7354790972992971
    },
    "dress": {
      "map50": 0.7791984121814243,
      "map50_95": 0.5471145692717796,
      "precision": 0.6543933054393305,
      "recall": 0.8301486199575372,
      "f1": 0.7318671034160038
    },
    "top, t-shirt, sweatshirt": {
      "map50": 0.41327780241933887,
      "map50_95": 0.2224325973697809,
      "precision": 0.5,
      "recall": 0.486810551558753,
      "f1": 0.4933171324422843
    },
    "pants": {
      "map50": 0.7232715230601532,
      "map50_95": 0.47635955251289624,
      "precision": 0.698967434471803,
      "recall": 0.7119741100323624,
      "f1": 0.7054108216432865
    },
    "jacket": {
      "map50": 0.5135631794109674,
      "map50_95": 0.3241615567975446,
      "precision": 0.501532175689479,
      "recall": 0.609181141439206,
      "f1": 0.5501400560224089
    },
    "bag, wallet": {
      "map50": 0.1516203797493509,
      "map50_95": 0.06734581132315608,
      "precision": 0.39768339768339767,
      "recall": 0.14305555555555555,
      "f1": 0.2104187946884576
    },
    "belt": {
      "map50": 0.0362037220716741,
      "map50_95": 0.012502372014512961,
      "precision": 0.21818181818181817,
      "recall": 0.017316017316017316,
      "f1": 0.0320855614973262
    },
    "shirt, blouse": {
      "map50": 0.18707083400292504,
      "map50_95": 0.09360888974921712,
      "precision": 0.29380053908355797,
      "recall": 0.18196994991652754,
      "f1": 0.2247422680412371
    },
    "skirt": {
      "map50": 0.33753762359197365,
      "map50_95": 0.20410265689879128,
      "precision": 0.4268292682926829,
      "recall": 0.4294478527607362,
      "f1": 0.42813455657492355
    },
    "glasses": {
      "map50": 0.5553850530138892,
      "map50_95": 0.2452037363526722,
      "precision": 0.9483870967741935,
      "recall": 0.30625,
      "f1": 0.462992125984252
    },
    "tights, stockings": {
      "map50": 0.16539328589217783,
      "map50_95": 0.07146660486078618,
      "precision": 0.39215686274509803,
      "recall": 0.18475750577367206,
      "f1": 0.25117739403453687
    }
  },
  "num_detections": 44357,
  "save_dir": "/kaggle/working/results/hp/ssd_sgd_lr005",
  "weights": "/kaggle/working/results/hp/ssd_sgd_lr005/ssd_sgd_lr005.pth",
  "epochs": 20,
  "model": "ssd_sgd_lr005"
}