{
  "map50": 0.4499591286526211,
  "map50_95": 0.263331649863029,
  "precision": 0.6386903772644175,
  "recall": 0.5720452515629652,
  "f1": 0.6035335689045935,
  "per_class": {
    "shoe": {
      "map50": 0.7193757005869316,
      "map50_95": 0.40116015065983657,
      "precision": 0.8179310344827586,
      "recall": 0.669602529358627,
      "f1": 0.7363715385570595
    },
    "dress": {
      "map50": 0.7980542045277336,
      "map50_95": 0.5770080100043496,
      "precision": 0.640141121128969,
      "recall": 0.8667728237791932,
      "f1": 0.7364148816234498
    },
    "top, t-shirt, sweatshirt": {
      "map50": 0.45845344505786456,
      "map50_95": 0.25477482779784005,
      "precision": 0.5111111111111111,
      "recall": 0.5239808153477218,
      "f1": 0.5174659561870929
    },
    "pants": {
      "map50": 0.7427149561119012,
      "map50_95": 0.5059814735964263,
      "precision": 0.6870944484498919,
      "recall": 0.7710355987055016,
      "f1": 0.7266488753335875
    },
    "jacket": {
      "map50": 0.5443170686106426,
      "map50_95": 0.34547768486775776,
      "precision": 0.5149700598802395,
      "recall": 0.6401985111662531,
      "f1": 0.5707964601769911
    },
    "bag, wallet": {
      "map50": 0.2370521578651957,
      "map50_95": 0.11189035921952126,
      "precision": 0.47093023255813954,
      "recall": 0.225,
      "f1": 0.30451127819548873
    },
    "belt": {
      "map50": 0.04002991129253103,
      "map50_95": 0.010908838938528499,
      "precision": 0.25,
      "recall": 0.02886002886002886,
      "f1": 0.0517464424320828
    },
    "shirt, blouse": {
      "map50": 0.22357071064616071,
      "map50_95": 0.11797433344820557,
      "precision": 0.35306122448979593,
      "recall": 0.2888146911519199,
      "f1": 0.317722681359045
    },
    "skirt": {
      "map50": 0.3990039011384773,
      "map50_95": 0.24925409347158767,
      "precision": 0.423785594639866,
      "recall": 0.5173824130879345,
      "f1": 0.46593001841620624
    },
    "glasses": {
      "map50": 0.5663638145633829,
      "map50_95": 0.2254062335481105,
      "precision": 0.9387755102040817,
      "recall": 0.09583333333333334,
      "f1": 0.17391304347826086
    },
    "tights, stockings": {
      "map50": 0.22061454477801076,
      "map50_95": 0.09681214294115491,
      "precision": 0.457286432160804,
      "recall": 0.21016166281755197,
      "f1": 0.2879746835443038
    }
  },
  "num_detections": 58959,
  "save_dir": "/kaggle/working/results/hp/ssd_sgd_lr001",
  "weights": "/kaggle/working/results/hp/ssd_sgd_lr001/ssd_sgd_lr001.pth",
  "epochs": 20,
  "model": "ssd_sgd_lr001"
}