{
  "map50": 0.5342739736211123,
  "map50_95": 0.3896304911521177,
  "precision": 0.5811777154665678,
  "recall": 0.5369259852245526,
  "f1": 0.5581761642941674,
  "split": "test",
  "num_images": 4437,
  "save_dir": "/kaggle/working/results/logs/yolov8_subset3000_test",
  "per_class": {
    "shoe": {
      "map50": 0.8351620441978862,
      "map50_95": 0.5996847753169399,
      "precision": 0.7773960210486724,
      "recall": 0.8333333333333334,
      "f1": 0.8043933833801837
    },
    "dress": {
      "map50": 0.8150408882862312,
      "map50_95": 0.6680221194915028,
      "precision": 0.7076686020858073,
      "recall": 0.8237791932059448,
      "f1": 0.7613222884588978
    },
    "top, t-shirt, sweatshirt": {
      "map50": 0.47860702558907764,
      "map50_95": 0.3371487245998986,
      "precision": 0.5615419340393708,
      "recall": 0.4622262198529572,
      "f1": 0.5070667698992236
    },
    "pants": {
      "map50": 0.7818587567321558,
      "map50_95": 0.6470190620539483,
      "precision": 0.6993172987149915,
      "recall": 0.7572815533980582,
      "f1": 0.7271461041188858
    },
    "jacket": {
      "map50": 0.5886042747737176,
      "map50_95": 0.4630667120137649,
      "precision": 0.6002610332583135,
      "recall": 0.5818858560794045,
      "f1": 0.5909306336783628
    },
    "bag, wallet": {
      "map50": 0.3776294017380848,
      "map50_95": 0.2377161055219526,
      "precision": 0.5058237020784528,
      "recall": 0.3682008818199398,
      "f1": 0.42617733318211615
    },
    "belt": {
      "map50": 0.22984590749875464,
      "map50_95": 0.11489961208492667,
      "precision": 0.4710878039924837,
      "recall": 0.23376623376623376,
      "f1": 0.31247440126100534
    },
    "shirt, blouse": {
      "map50": 0.20676339475119154,
      "map50_95": 0.13466440071059638,
      "precision": 0.29974632224226605,
      "recall": 0.21535893155258765,
      "f1": 0.2506402224374167
    },
    "skirt": {
      "map50": 0.4465295843916844,
      "map50_95": 0.36924957337606334,
      "precision": 0.4614666352908069,
      "recall": 0.5132924335378323,
      "f1": 0.4860018024958215
    },
    "glasses": {
      "map50": 0.7508191188204096,
      "map50_95": 0.47633769172927176,
      "precision": 0.8597720847521906,
      "recall": 0.6875,
      "f1": 0.7640457216182504
    },
    "tights, stockings": {
      "map50": 0.36615331305304066,
      "map50_95": 0.23812662577442997,
      "precision": 0.44887343262888985,
      "recall": 0.4295612009237875,
      "f1": 0.43900502875900316
    }
  }
}