{
  "map50": 0.41297077191665776,
  "map50_95": 0.24297847845084553,
  "precision": 0.6404201753624447,
  "recall": 0.5490473355165227,
  "f1": 0.5912242035664195,
  "per_class": {
    "shoe": {
      "map50": 0.7013388049754522,
      "map50_95": 0.39787746514782224,
      "precision": 0.8113052976515566,
      "recall": 0.6709575429087624,
      "f1": 0.734487021013597
    },
    "dress": {
      "map50": 0.7747687995523093,
      "map50_95": 0.5443799794667162,
      "precision": 0.6318091451292247,
      "recall": 0.8434182590233545,
      "f1": 0.7224369174812457
    },
    "top, t-shirt, sweatshirt": {
      "map50": 0.40539263221214705,
      "map50_95": 0.22243100800155602,
      "precision": 0.5003317850033179,
      "recall": 0.4520383693045564,
      "f1": 0.4749606299212599
    },
    "pants": {
      "map50": 0.7170287325388583,
      "map50_95": 0.48530387823443194,
      "precision": 0.7016574585635359,
      "recall": 0.7192556634304207,
      "f1": 0.7103475829005192
    },
    "jacket": {
      "map50": 0.516000143168177,
      "map50_95": 0.3230479671429518,
      "precision": 0.5068493150684932,
      "recall": 0.5967741935483871,
      "f1": 0.548148148148148
    },
    "bag, wallet": {
      "map50": 0.17144726045592232,
      "map50_95": 0.07778363902291727,
      "precision": 0.4290909090909091,
      "recall": 0.1638888888888889,
      "f1": 0.2371859296482412
    },
    "belt": {
      "map50": 0.033231810192043784,
      "map50_95": 0.009821390055451358,
      "precision": 0.16176470588235295,
      "recall": 0.015873015873015872,
      "f1": 0.02890932982917214
    },
    "shirt, blouse": {
      "map50": 0.17214389474804895,
      "map50_95": 0.07912698824177551,
      "precision": 0.2944038929440389,
      "recall": 0.2020033388981636,
      "f1": 0.2396039603960396
    },
    "skirt": {
      "map50": 0.34167016157573543,
      "map50_95": 0.21424068182789452,
      "precision": 0.43524416135881105,
      "recall": 0.41922290388548056,
      "f1": 0.4270833333333333
    },
    "glasses": {
      "map50": 0.5489759325856166,
      "map50_95": 0.2531457552219037,
      "precision": 0.9364161849710982,
      "recall": 0.3375,
      "f1": 0.4961715160796325
    },
    "tights, stockings": {
      "map50": 0.1606803190789245,
      "map50_95": 0.06560451059588009,
      "precision": 0.3438914027149321,
      "recall": 0.17551963048498845,
      "f1": 0.2324159021406728
    }
  },
  "num_detections": 41630,
  "save_dir": "/kaggle/working/results/logs/ssd",
  "weights": "/kaggle/working/results/logs/ssd/ssd.pth",
  "epochs": 20,
  "model": "ssd"
}