{
  "map50": 0.5519214902118091,
  "map50_95": 0.4010604822501278,
  "precision": 0.582806993049706,
  "recall": 0.5578316745331369,
  "f1": 0.5700459051620352,
  "split": "test",
  "num_images": 4437,
  "save_dir": "/kaggle/working/results/hp/yolo_adam_mosaic_test",
  "per_class": {
    "shoe": {
      "map50": 0.8433025297087615,
      "map50_95": 0.6095860469106146,
      "precision": 0.7652998083472221,
      "recall": 0.8425925925925926,
      "f1": 0.802088434834312
    },
    "dress": {
      "map50": 0.8391701705062231,
      "map50_95": 0.6964680870703559,
      "precision": 0.7321189884875215,
      "recall": 0.833864118895966,
      "f1": 0.7796862589178021
    },
    "top, t-shirt, sweatshirt": {
      "map50": 0.51272977444487,
      "map50_95": 0.3697021866346234,
      "precision": 0.5810935738958859,
      "recall": 0.4698741236795925,
      "f1": 0.5195989076354322
    },
    "pants": {
      "map50": 0.7882233874263636,
      "map50_95": 0.6483335478280725,
      "precision": 0.6595612794360842,
      "recall": 0.8135142412552818,
      "f1": 0.7284928522197984
    },
    "jacket": {
      "map50": 0.6279383359182128,
      "map50_95": 0.4920547441040335,
      "precision": 0.5757442382141875,
      "recall": 0.6786600496277916,
      "f1": 0.6229803534099168
    },
    "bag, wallet": {
      "map50": 0.41305485263418024,
      "map50_95": 0.2538815354007063,
      "precision": 0.4656698478953463,
      "recall": 0.4263888888888889,
      "f1": 0.4451645185359135
    },
    "belt": {
      "map50": 0.22945441922203924,
      "map50_95": 0.11408167821522133,
      "precision": 0.4992048865692546,
      "recall": 0.20346320346320346,
      "f1": 0.2890975891652455
    },
    "shirt, blouse": {
      "map50": 0.2227287540737991,
      "map50_95": 0.1464312311377681,
      "precision": 0.3267826893185383,
      "recall": 0.2387312186978297,
      "f1": 0.27590207266170697
    },
    "skirt": {
      "map50": 0.45026020885187823,
      "map50_95": 0.36115801283683785,
      "precision": 0.468291237330212,
      "recall": 0.49079754601226994,
      "f1": 0.4792803212643664
    },
    "glasses": {
      "map50": 0.763395947735056,
      "map50_95": 0.4712152351270361,
      "precision": 0.8513919109811716,
      "recall": 0.7042030468393715,
      "f1": 0.7708340461675652
    },
    "tights, stockings": {
      "map50": 0.3808780118085182,
      "map50_95": 0.24875299948613563,
      "precision": 0.4857184630713405,
      "recall": 0.4340593899117178,
      "f1": 0.4584382175888
    }
  }
}