{
  "map50": 0.36972625762105266,
  "map50_95": 0.17673720999594958,
  "precision": 0.8261946902654868,
  "recall": 0.3474248288181006,
  "f1": 0.48915435397673684,
  "per_class": {
    "shoe": {
      "map50": 0.6916692082174769,
      "map50_95": 0.3133151381611175,
      "precision": 0.8712871287128713,
      "recall": 0.5564588979223125,
      "f1": 0.679162072767365
    },
    "dress": {
      "map50": 0.786871458432137,
      "map50_95": 0.43960574088851295,
      "precision": 0.7784222737819025,
      "recall": 0.7123142250530785,
      "f1": 0.7439024390243902
    },
    "top, t-shirt, sweatshirt": {
      "map50": 0.39952480661667306,
      "map50_95": 0.17367726213615084,
      "precision": 0.6937984496124031,
      "recall": 0.10731414868105515,
      "f1": 0.18587746625129803
    },
    "pants": {
      "map50": 0.7170188884644992,
      "map50_95": 0.3850261661295881,
      "precision": 0.8335664335664336,
      "recall": 0.48220064724919093,
      "f1": 0.610968733982573
    },
    "jacket": {
      "map50": 0.40412016393460143,
      "map50_95": 0.2080774357093629,
      "precision": 0.6818181818181818,
      "recall": 0.03722084367245657,
      "f1": 0.07058823529411765
    },
    "bag, wallet": {
      "map50": 0.0748772676877901,
      "map50_95": 0.024278024526833274,
      "precision": 0.0,
      "recall": 0.0,
      "f1": 0.0
    },
    "belt": {
      "map50": 0.033213410281468,
      "map50_95": 0.009353580233985241,
      "precision": 0.0,
      "recall": 0.0,
      "f1": 0.0
    },
    "shirt, blouse": {
      "map50": 0.12770806992452116,
      "map50_95": 0.04842747666498173,
      "precision": 0.0,
      "recall": 0.0,
      "f1": 0.0
    },
    "skirt": {
      "map50": 0.4103480345562693,
      "map50_95": 0.21936064198548041,
      "precision": 0.703125,
      "recall": 0.09202453987730061,
      "f1": 0.16274864376130196
    },
    "glasses": {
      "map50": 0.32883586030207695,
      "map50_95": 0.09504869057315653,
      "precision": 0.8,
      "recall": 0.025,
      "f1": 0.04848484848484849
    },
    "tights, stockings": {
      "map50": 0.0928016654140657,
      "map50_95": 0.027939152946275886,
      "precision": 0.0,
      "recall": 0.0,
      "f1": 0.0
    }
  },
  "num_detections": 272457,
  "save_dir": "/kaggle/working/results/logs/efficientdet",
  "weights": "/kaggle/working/results/logs/efficientdet/efficientdet.pth",
  "epochs": 20,
  "model": "efficientdet"
}