{
  "map50": 0.4915217721199587,
  "map50_95": 0.3490329998749769,
  "precision": 0.5229696714034945,
  "recall": 0.5067781792859537,
  "f1": 0.5147466299020501,
  "split": "test",
  "num_images": 4437,
  "save_dir": "/kaggle/working/results/hp/yolo_adam_lr005_test",
  "per_class": {
    "shoe": {
      "map50": 0.8107142550357768,
      "map50_95": 0.5682735456566511,
      "precision": 0.7400245059825714,
      "recall": 0.8098464317976513,
      "f1": 0.7733627246035746
    },
    "dress": {
      "map50": 0.8010802169794599,
      "map50_95": 0.62163345628404,
      "precision": 0.716484344486308,
      "recall": 0.7638004246284501,
      "f1": 0.7393861748446504
    },
    "top, t-shirt, sweatshirt": {
      "map50": 0.4576096054996779,
      "map50_95": 0.31653454448403084,
      "precision": 0.4796108029731679,
      "recall": 0.4934052757793765,
      "f1": 0.4864102570866695
    },
    "pants": {
      "map50": 0.7615738763726723,
      "map50_95": 0.6135852126165546,
      "precision": 0.5455214936392625,
      "recall": 0.8031295578554978,
      "f1": 0.6497224548953296
    },
    "jacket": {
      "map50": 0.56940927998243,
      "map50_95": 0.4383419145912587,
      "precision": 0.4912869526496687,
      "recall": 0.6215880893300249,
      "f1": 0.5488093571889989
    },
    "bag, wallet": {
      "map50": 0.23569935166075281,
      "map50_95": 0.1418756084330678,
      "precision": 0.38422180977788367,
      "recall": 0.2263888888888889,
      "f1": 0.2849067295820916
    },
    "belt": {
      "map50": 0.19085386366124488,
      "map50_95": 0.09154182549441228,
      "precision": 0.5241729539233048,
      "recall": 0.16305916305916307,
      "f1": 0.2487404213303489
    },
    "shirt, blouse": {
      "map50": 0.16233116629246933,
      "map50_95": 0.09603643853020707,
      "precision": 0.30880332354236106,
      "recall": 0.0954706067807367,
      "f1": 0.14584982341520508
    },
    "skirt": {
      "map50": 0.4031722283895425,
      "map50_95": 0.31791025967934095,
      "precision": 0.36823508170221403,
      "recall": 0.5746421267893661,
      "f1": 0.4488461246111579
    },
    "glasses": {
      "map50": 0.7328134806441744,
      "map50_95": 0.4590236475237,
      "precision": 0.8566707312897532,
      "recall": 0.6583333333333333,
      "f1": 0.744519320137134
    },
    "tights, stockings": {
      "map50": 0.2814821688013446,
      "map50_95": 0.17460654533148354,
      "precision": 0.3376343854719434,
      "recall": 0.3648960739030023,
      "f1": 0.35073628489497705
    }
  }
}