{
  "map50": 0.21354252566655227,
  "map50_95": 0.11171751439727072,
  "precision": 0.34005563282336576,
  "recall": 0.4367371241440905,
  "f1": 0.38237977323080935,
  "per_class": {
    "shoe": {
      "map50": 0.5867130133196666,
      "map50_95": 0.2704421335939503,
      "precision": 0.35991649269311066,
      "recall": 0.7786811201445348,
      "f1": 0.4922901199314678
    },
    "dress": {
      "map50": 0.5694425082956134,
      "map50_95": 0.3910442145231409,
      "precision": 0.3843236409608091,
      "recall": 0.8067940552016986,
      "f1": 0.5206370953930468
    },
    "top, t-shirt, sweatshirt": {
      "map50": 0.09915396753284396,
      "map50_95": 0.05084278799710609,
      "precision": 0.5,
      "recall": 0.004796163069544364,
      "f1": 0.009501187648456057
    },
    "pants": {
      "map50": 0.215917835433985,
      "map50_95": 0.14013691472795076,
      "precision": 0.2368271954674221,
      "recall": 0.33818770226537215,
      "f1": 0.27857380873042314
    },
    "jacket": {
      "map50": 0.18509742941386717,
      "map50_95": 0.11855666400892273,
      "precision": 0.3790849673202614,
      "recall": 0.14392059553349876,
      "f1": 0.20863309352517984
    },
    "bag, wallet": {
      "map50": 0.04669614842506459,
      "map50_95": 0.01954226351894415,
      "precision": 0.2777777777777778,
      "recall": 0.027777777777777776,
      "f1": 0.0505050505050505
    },
    "belt": {
      "map50": 0.03096718897760694,
      "map50_95": 0.0106857719382624,
      "precision": 0.10740740740740741,
      "recall": 0.04184704184704185,
      "f1": 0.060228452751817235
    },
    "shirt, blouse": {
      "map50": 0.0033003300330033,
      "map50_95": 0.00165016501650165,
      "precision": 0.0,
      "recall": 0.0,
      "f1": 0.0
    },
    "skirt": {
      "map50": 0.11892364470136299,
      "map50_95": 0.07136728232068658,
      "precision": 0.40540540540540543,
      "recall": 0.03067484662576687,
      "f1": 0.057034220532319393
    },
    "glasses": {
      "map50": 0.40570603300402747,
      "map50_95": 0.11762857558681841,
      "precision": 0.232,
      "recall": 0.6041666666666666,
      "f1": 0.3352601156069364
    },
    "tights, stockings": {
      "map50": 0.08704968319503348,
      "map50_95": 0.03699588513769393,
      "precision": 0.8,
      "recall": 0.009237875288683603,
      "f1": 0.0182648401826484
    }
  },
  "num_detections": 228711,
  "save_dir": "/kaggle/working/results/logs/detr",
  "weights": "/kaggle/working/results/logs/detr/detr.pth",
  "epochs": 20,
  "model": "detr"
}