{
  "map50": 0.5650392949092127,
  "map50_95": 0.3836497222505991,
  "precision": 0.6359276780506772,
  "recall": 0.7303512950282822,
  "f1": 0.6798766757889632,
  "per_class": {
    "shoe": {
      "map50": 0.80209592148659,
      "map50_95": 0.5661622476998771,
      "precision": 0.7820215235281704,
      "recall": 0.8369467028003613,
      "f1": 0.8085524162757718
    },
    "dress": {
      "map50": 0.8430418054571871,
      "map50_95": 0.6580244592992891,
      "precision": 0.6649686520376176,
      "recall": 0.9007430997876857,
      "f1": 0.7651036970243462
    },
    "top, t-shirt, sweatshirt": {
      "map50": 0.5403332547651651,
      "map50_95": 0.35772521709707494,
      "precision": 0.5412987012987013,
      "recall": 0.6247002398081535,
      "f1": 0.5800166991372112
    },
    "pants": {
      "map50": 0.7377261032427129,
      "map50_95": 0.5617001978904163,
      "precision": 0.6206896551724138,
      "recall": 0.8446601941747572,
      "f1": 0.7155586017820424
    },
    "jacket": {
      "map50": 0.6376407208801627,
      "map50_95": 0.47259991081574737,
      "precision": 0.5035405192761605,
      "recall": 0.794044665012407,
      "f1": 0.6162734713529129
    },
    "bag, wallet": {
      "map50": 0.452898006125092,
      "map50_95": 0.2677356082246021,
      "precision": 0.5746140651801029,
      "recall": 0.4652777777777778,
      "f1": 0.5141980046047583
    },
    "belt": {
      "map50": 0.31126191654467994,
      "map50_95": 0.13683942314066436,
      "precision": 0.5658198614318707,
      "recall": 0.35353535353535354,
      "f1": 0.43516873889875674
    },
    "shirt, blouse": {
      "map50": 0.30453838944132705,
      "map50_95": 0.16675281758037963,
      "precision": 0.3527180783817952,
      "recall": 0.4657762938230384,
      "f1": 0.40143884892086323
    },
    "skirt": {
      "map50": 0.4706740046738306,
      "map50_95": 0.3540308129536686,
      "precision": 0.4370257966616085,
      "recall": 0.588957055214724,
      "f1": 0.5017421602787456
    },
    "glasses": {
      "map50": 0.765016016187708,
      "map50_95": 0.48845678678738724,
      "precision": 0.905852417302799,
      "recall": 0.7416666666666667,
      "f1": 0.8155784650630012
    },
    "tights, stockings": {
      "map50": 0.3502061051968843,
      "map50_95": 0.19011946326748358,
      "precision": 0.4491315136476427,
      "recall": 0.418013856812933,
      "f1": 0.4330143540669857
    }
  },
  "num_detections": 27831,
  "save_dir": "/kaggle/working/results/logs/faster_rcnn",
  "weights": "/kaggle/working/results/logs/faster_rcnn/faster_rcnn.pth",
  "epochs": 20,
  "model": "faster_rcnn"
}