{
  "map50": 0.3230472675620738,
  "map50_95": 0.1609854200869863,
  "precision": 0.6403744754116001,
  "recall": 0.44291455790413814,
  "f1": 0.523648202736592,
  "per_class": {
    "shoe": {
      "map50": 0.6607840233524127,
      "map50_95": 0.35401503273636864,
      "precision": 0.7733823113873975,
      "recall": 0.6181120144534779,
      "f1": 0.6870842224174721
    },
    "dress": {
      "map50": 0.6845630913701919,
      "map50_95": 0.39273841709639445,
      "precision": 0.6226164079822616,
      "recall": 0.7452229299363057,
      "f1": 0.6784247402754288
    },
    "top, t-shirt, sweatshirt": {
      "map50": 0.2963003578099155,
      "map50_95": 0.12240951918535424,
      "precision": 0.4582560296846011,
      "recall": 0.2961630695443645,
      "f1": 0.359796067006555
    },
    "pants": {
      "map50": 0.6270783243939371,
      "map50_95": 0.3373041351903243,
      "precision": 0.6976076555023923,
      "recall": 0.5898058252427184,
      "f1": 0.639193336256028
    },
    "jacket": {
      "map50": 0.4082338018018742,
      "map50_95": 0.20937763867209605,
      "precision": 0.5346358792184724,
      "recall": 0.37344913151364767,
      "f1": 0.4397370343316289
    },
    "bag, wallet": {
      "map50": 0.050258149663828744,
      "map50_95": 0.013890659816544354,
      "precision": 0.4838709677419355,
      "recall": 0.020833333333333332,
      "f1": 0.039946737683089206
    },
    "belt": {
      "map50": 0.005966824729208287,
      "map50_95": 0.0013164983152187256,
      "precision": 0.0,
      "recall": 0.0,
      "f1": 0.0
    },
    "shirt, blouse": {
      "map50": 0.1380534568544625,
      "map50_95": 0.05101389660815169,
      "precision": 0.2490118577075099,
      "recall": 0.10517529215358931,
      "f1": 0.14788732394366194
    },
    "skirt": {
      "map50": 0.2364318740169798,
      "map50_95": 0.11538188628968243,
      "precision": 0.3738532110091743,
      "recall": 0.3333333333333333,
      "f1": 0.3524324324324324
    },
    "glasses": {
      "map50": 0.3643611729837172,
      "map50_95": 0.15052869638024696,
      "precision": 0.9666666666666667,
      "recall": 0.06041666666666667,
      "f1": 0.11372549019607843
    },
    "tights, stockings": {
      "map50": 0.08148886620628397,
      "map50_95": 0.022863240666467492,
      "precision": 0.27586206896551724,
      "recall": 0.03695150115473441,
      "f1": 0.06517311608961304
    }
  },
  "num_detections": 855872,
  "save_dir": "/kaggle/working/results/hp/ssd_adam_lr0005",
  "weights": "/kaggle/working/results/hp/ssd_adam_lr0005/ssd_adam_lr0005.pth",
  "epochs": 20,
  "model": "ssd_adam_lr0005"
}